"Trichy District Museum","Tiruchirappalli Museum","Trichy District Heritage Museum","Trichy Museum","Trichy History Museum","Tiruchy Museum","District Museum Trichy","Heritage Museum Trichy","South Tamil Nadu Museum","TRZ Museum","Trichy Cultural Museum"
"Trichy Birds Park","Trichy Bird Sanctuary","Trichy Bird Watching Park","Bird Park Trichy","Tiruchy Birds Park","Avian Park Trichy","Trichy Ornithology Park","TRZ Bird Park","Bird Lovers Spot Trichy","Bird Garden Trichy","Trichy Eco Bird Park"
"Miyawaki Forest","NIT Forest","Miyawaki Park","Mini Forest Trichy","Urban Forest Trichy","Green Zone Trichy","Miyawaki Green Cover","Miyawaki Tree Park","Fast-Growing Forest Trichy","Trichy Nature Forest","Trichy Miyawaki Garden"
"Science City","Lucknow Science Center","Science Museum","Science Park","Tech City","Innovation Center","Science and Technology City","Science Exploration Hub","Science Exhibition Center","Scientific Discovery Center","Smart Science Zone"
"Raja Bazar Museum","Heritage Museum","Raja Bazar Historical Museum","Old City Museum","Raja Bazaar Archives","City History Museum","Kolkata Heritage Center","Raja Bazar Heritage Gallery","Cultural Center Raja Bazar","Bazaar History Hall","Raja Bazar Exhibit Hall"
"Tiruchirappalli Rail Museum and Heritage Center","Trichy Rail Museum","Rail Heritage Center","Railway Museum Trichy","Tiruchy Train Museum","Trichy Locomotive Museum","South Rail Heritage","Railway Heritage Gallery","Trichy Railway Display","Rail History Trichy","TRZ Rail Heritage"
"Anna Science Center Planetarium Office","Trichy Planetarium","Anna Science Center","Science Planetarium Trichy","Anna Planetarium","Science Center Trichy","Space and Science Trichy","Trichy Space Dome","Astronomy Hub Trichy","Planetarium Tamil Nadu","TRZ Science Planetarium"
"Tiruchirappalli District Museum","Trichy District Museum","Tiruchy Museum","Tiruchirappalli Heritage Hall","District Culture Museum","History Museum Trichy","Tiruchy Culture Archive","District Archive Center","Trichy Cultural Center","Museum of Tiruchirappalli","South Tamil Museum"
"Trichy Birds Park","Tiruchirappalli Birds Park","Bird Watching Trichy","TRZ Birds Park","Trichy Avian Sanctuary","Eco Bird Park","Trichy Aviary","Tiruchy Bird Garden","Bird Zone Trichy","Trichy Winged Wildlife Park","Trichy Birds Habitat"
"Miyawaki Forest","Urban Miyawaki Trichy","Mini Forest Zone","Miyawaki Tree Garden","Trichy Eco Forest","Fast Forest Trichy","Miyawaki Plantation Zone","Green Forest Strip","NIT Green Zone","Urban Jungle Trichy","Dense Forest Area Trichy"
